id,first_name,last_name,email,gender,city,country,born
1,Jerry,Rivera,jrivera0@theguardian.com,Male,Guiping,China,13/12/1997
2,Thomas,Lee,tlee1@google.de,Male,Kolomyagi,Russia,07/11/1967
3,Billy,Lawson,blawson2@shinystat.com,Male,Latacunga,Ecuador,02/12/1961
4,Carlos,Burke,cburke3@examiner.com,Male,Šluknov,Czech Republic,22/09/1998
5,Phillip,Washington,pwashington4@ovh.net,Male,Kota Bharu,Malaysia,22/08/1992
6,Amanda,Shaw,ashaw5@imdb.com,Female,Pitrufquén,Chile,21/09/1920
7,Janet,Miller,jmiller6@1688.com,Female,Munjul,Indonesia,05/04/1975
8,Shawn,Myers,smyers7@fc2.com,Male,Palmares,Brazil,19/12/1994
9,Anthony,Day,aday8@imgur.com,Male,Kambing,Philippines,20/08/1991
10,Carl,Bishop,cbishop9@51.la,Male,Syrskoye,Russia,15/08/1998
11,Marilyn,Simpson,msimpsona@theatlantic.com,Female,Churovichi,Russia,09/10/1992
12,Harry,Matthews,hmatthewsb@dot.gov,Male,Port Saint John’s,South Africa,01/10/1966
13,Barbara,Reyes,breyesc@boston.com,Female,Zongzhai,China,02/12/1998
14,Stephen,Ward,swardd@xinhuanet.com,Male,Žalec,Slovenia,27/12/1989
15,Charles,Peterson,cpetersone@irs.gov,Male,Villa Las Rosas,Argentina,03/07/1944
16,Benjamin,Armstrong,barmstrongf@is.gd,Male,Cicurug,Indonesia,11/01/1953
17,Deborah,Webb,dwebbg@mysql.com,Female,Kamyanyets,Belarus,04/07/1953
18,Debra,Ferguson,dfergusonh@newsvine.com,Female,Paradahan,Philippines,15/10/1980
19,Jennifer,Torres,jtorresi@yelp.com,Female,Bang Ban,Thailand,04/11/1991
20,Stephen,Cunningham,scunninghamj@marriott.com,Male,El Porvenir,Mexico,30/03/1923
21,Antonio,Davis,adavisk@chronoengine.com,Male,Mānānwāla,Pakistan,03/11/1980
22,Edward,Flores,efloresl@sciencedaily.com,Male,Bedford,Canada,02/07/1944
23,Paul,Allen,pallenm@typepad.com,Male,Dobrich,Bulgaria,23/09/1966
24,Anne,Garrett,agarrettn@soup.io,Female,Yidian,China,02/11/1949
25,Wayne,Torres,wtorreso@marriott.com,Male,Haozigang,China,22/04/1996
26,Mark,Mitchell,mmitchellp@statcounter.com,Male,Fort Myers,United States,14/08/1927
27,Michelle,Young,myoungq@harvard.edu,Female,Lavrica,Slovenia,04/09/1973
28,Steven,Gilbert,sgilbertr@smugmug.com,Male,Ullubiyaul,Russia,15/12/1954
29,Victor,Bailey,vbaileys@yelp.com,Male,Zicheng,China,16/07/1956
30,Lawrence,Harvey,lharveyt@accuweather.com,Male,Dzüyl,Mongolia,18/06/1999
31,Martin,Stanley,mstanleyu@usnews.com,Male,Jisegumen,China,29/01/1922
32,Susan,Mills,smillsv@chronoengine.com,Female,Ostrov,Russia,09/12/1933
33,Todd,Medina,tmedinaw@lycos.com,Male,Cimanggu,Indonesia,27/02/1964
34,Carolyn,White,cwhitex@unblog.fr,Female,Georgīevka,Kazakhstan,09/06/1989
35,Paul,Long,plongy@stanford.edu,Male,Guacamaya,Honduras,16/05/1998
36,Gregory,Garza,ggarzaz@networksolutions.com,Male,Huacheng,China,25/10/1961
37,Frank,Fisher,ffisher10@europa.eu,Male,Fuyong,China,30/05/1933
38,Fred,Richardson,frichardson11@imageshack.us,Male,Pointe-à-Pitre,Guadeloupe,06/03/1997
39,Eugene,Hughes,ehughes12@xing.com,Male,Zhanping,China,15/07/1988
40,Stephanie,Spencer,sspencer13@symantec.com,Female,Baiyin,China,29/10/1979
41,David,Pierce,dpierce14@si.edu,Male,Sendangrejo,Indonesia,25/07/1995
42,Pamela,Franklin,pfranklin15@hexun.com,Female,Nagornyy,Russia,04/01/1929
43,Louise,Rose,lrose16@multiply.com,Female,Bayan,Mongolia,30/01/1933
44,Willie,Marshall,wmarshall17@imgur.com,Male,Longshan,China,24/11/1940
45,Brenda,Hamilton,bhamilton18@google.de,Female,Tiguion,Philippines,08/10/1948
46,Michelle,Holmes,mholmes19@people.com.cn,Female,Kanghe,China,29/08/1989
47,Eugene,Griffin,egriffin1a@angelfire.com,Male,Ōtsu-shi,Japan,15/01/1955
48,Jimmy,Collins,jcollins1b@sphinn.com,Male,Valvedditturai,Sri Lanka,09/09/1965
49,Steve,Perkins,sperkins1c@hatena.ne.jp,Male,Nanhai,China,29/07/1930
50,Gary,Rogers,grogers1d@tinypic.com,Male,Ngudu,Tanzania,20/03/1971
51,Susan,Franklin,sfranklin1e@blog.com,Female,San Antonio Oeste,Argentina,19/08/1985
52,Philip,Owens,powens1f@deviantart.com,Male,Middleton,Canada,15/11/1992
53,Ruth,Robinson,rrobinson1g@apache.org,Female,Skuodas,Lithuania,10/11/1921
54,Shirley,Armstrong,sarmstrong1h@discovery.com,Female,Bálsamo Oriental,Honduras,21/08/1936
55,Elizabeth,Nelson,enelson1i@typepad.com,Female,Qiaotou,China,22/12/2000
56,Ann,Ortiz,aortiz1j@de.vu,Female,Lawdar,Yemen,26/05/1968
57,Ralph,Duncan,rduncan1k@aol.com,Male,Hezhi,China,11/04/1991
58,Frank,Rivera,frivera1l@w3.org,Male,Thị Trấn Cao Phong,Vietnam,06/07/1949
59,David,Lawson,dlawson1m@myspace.com,Male,Monaghan,Ireland,01/10/2000
60,Rose,Fields,rfields1n@accuweather.com,Female,Nandulehe,China,07/08/1961
61,Lillian,Carpenter,lcarpenter1o@umich.edu,Female,Shalakusha,Russia,20/03/1964
62,Randy,Harvey,rharvey1p@aol.com,Male,Zhiletovo,Russia,16/08/2000
63,Howard,Bell,hbell1q@angelfire.com,Male,Cogon,Philippines,27/11/1956
64,Jacqueline,Stone,jstone1r@tamu.edu,Female,Shiquanhe,China,22/12/1955
65,Nicole,Ray,nray1s@ebay.co.uk,Female,Jalapa,Nicaragua,13/02/1943
66,Benjamin,Johnson,bjohnson1t@wix.com,Male,Balading,Philippines,11/10/1998
67,Ernest,Moore,emoore1u@nytimes.com,Male,Baiheshan,China,05/11/1956
68,Kevin,Riley,kriley1v@acquirethisname.com,Male,Kawm Umbū,Egypt,09/10/1945
69,Gregory,Howell,ghowell1w@amazon.de,Male,Yaxi,China,17/02/1944
70,Frances,Kennedy,fkennedy1x@fema.gov,Female,Conchal,Brazil,20/11/1977
71,Larry,Hughes,lhughes1y@behance.net,Male,Chishmy,Russia,01/01/1990
72,Ralph,Mcdonald,rmcdonald1z@github.io,Male,Tolbazy,Russia,22/04/1972
73,Andrew,Crawford,acrawford20@opera.com,Male,Lubowidz,Poland,20/05/1971
74,Terry,Grant,tgrant21@prnewswire.com,Male,Troitsk,Russia,19/12/1977
75,Mark,Cruz,mcruz22@cornell.edu,Male,Ōi,Japan,27/09/2000
76,Kelly,Mitchell,kmitchell23@oaic.gov.au,Female,Tsetsegnuur,Mongolia,28/07/1995
77,Howard,Myers,hmyers24@opensource.org,Male,Vitória,Brazil,23/06/1959
78,Nicole,Montgomery,nmontgomery25@ovh.net,Female,Guiwu,China,28/12/1962
79,Rebecca,Greene,rgreene26@washington.edu,Female,Krzepice,Poland,26/04/1927
80,Kevin,Nguyen,knguyen27@webnode.com,Male,Billdal,Sweden,09/02/1944
81,Dorothy,Vasquez,dvasquez28@ning.com,Female,Cuispes,Peru,22/03/1981
82,Paul,Dean,pdean29@fotki.com,Male,Harrisburg,United States,03/01/1965
83,Harry,Patterson,hpatterson2a@gizmodo.com,Male,Gweedore,Ireland,14/10/1965
84,Harry,Ortiz,hortiz2b@jiathis.com,Male,Castleblayney,Ireland,15/07/1960
85,Philip,Carter,pcarter2c@infoseek.co.jp,Male,Devin,Bulgaria,26/03/1969
86,Steven,Riley,sriley2d@webs.com,Male,Néa Pélla,Greece,21/09/1959
87,Doris,Reed,dreed2e@whitehouse.gov,Female,Nanyang,China,27/03/1922
88,Stephen,Kelly,skelly2f@pagesperso-orange.fr,Male,Huangyuan Chengguanzhen,China,26/04/1966
89,Howard,Duncan,hduncan2g@nyu.edu,Male,Riangbaring,Indonesia,08/09/1991
90,Carl,Davis,cdavis2h@webmd.com,Male,Vydreno,Russia,06/07/1980
91,Kevin,Carter,kcarter2i@ucla.edu,Male,Rabāţ-e Sangī-ye Pā’īn,Afghanistan,29/01/1989
92,Walter,Greene,wgreene2j@microsoft.com,Male,Parzęczew,Poland,12/12/1925
93,Norma,Rivera,nrivera2k@sohu.com,Female,Xinsheng,China,15/06/1953
94,Bruce,Watkins,bwatkins2l@jugem.jp,Male,Roche Terre,Mauritius,10/08/1958
95,Stephen,Long,slong2m@behance.net,Male,Färgelanda,Sweden,07/01/1975
96,Angela,Sanchez,asanchez2n@state.tx.us,Female,Tanahmerah,Indonesia,26/06/1991
97,Angela,Fisher,afisher2o@sciencedaily.com,Female,Cheremshan,Russia,03/05/1986
98,Helen,Kim,hkim2p@friendfeed.com,Female,Kouvarás,Greece,21/06/1959
99,Harry,Kennedy,hkennedy2q@ted.com,Male,Yandian,China,23/09/1921
100,Earl,Dean,edean2r@wikia.com,Male,Čačinci,Croatia,01/05/1920
101,Rose,Hunt,rhunt2s@foxnews.com,Female,Sambirobyong,Indonesia,29/02/1948
102,Marie,Bailey,mbailey2t@earthlink.net,Female,Sishan,China,27/11/1921
103,Laura,Hunt,lhunt2u@microsoft.com,Female,Sano,Japan,17/11/1971
104,Janice,Mccoy,jmccoy2v@desdev.cn,Female,Kharkiv,Ukraine,29/08/1995
105,Ryan,Bryant,rbryant2w@topsy.com,Male,Langue,Honduras,12/10/1970
106,Christine,Harper,charper2x@ovh.net,Female,Macun,China,18/03/1931
107,Catherine,Sanchez,csanchez2y@answers.com,Female,Lonya Chico,Peru,16/11/1963
108,Joseph,Romero,jromero2z@cocolog-nifty.com,Male,Clearwater,United States,18/10/1940
109,Jerry,Price,jprice30@vinaora.com,Male,Pali,Indonesia,09/03/1985
110,Martin,Moore,mmoore31@abc.net.au,Male,Webuye,Kenya,31/01/1968
111,Randy,Webb,rwebb32@addthis.com,Male,Xiaolou,China,24/06/1956
112,Beverly,Garrett,bgarrett33@geocities.jp,Female,Homa Bay,Kenya,14/06/1955
113,Scott,Allen,sallen34@booking.com,Male,Lazaro Cardenas,Mexico,14/02/1994
114,Annie,Watkins,awatkins35@huffingtonpost.com,Female,San Luis,Philippines,05/03/1967
115,Ralph,Wood,rwood36@webmd.com,Male,Windsor,Canada,15/05/1951
116,James,Little,jlittle37@fema.gov,Male,Non Sila,Thailand,19/10/1930
117,Virginia,Adams,vadams38@squidoo.com,Female,Baihe,China,22/03/1968
118,Sean,Nguyen,snguyen39@shinystat.com,Male,Itō,Japan,23/09/1971
119,Frances,Nelson,fnelson3a@spotify.com,Female,Nielisz,Poland,08/03/1936
120,Joe,Taylor,jtaylor3b@guardian.co.uk,Male,Lazaro Cardenas,Mexico,14/02/2001
121,Jeremy,Palmer,jpalmer3c@constantcontact.com,Male,Ludwin,Poland,01/07/1923
122,Martha,Willis,mwillis3d@aboutads.info,Female,Ilanskiy,Russia,04/04/1948
123,Mildred,Baker,mbaker3e@businesswire.com,Female,Bakar,Croatia,14/06/1960
124,Adam,Edwards,aedwards3f@nasa.gov,Male,Galatás,Greece,09/06/1958
125,Patrick,Snyder,psnyder3g@example.com,Male,Spitak,Armenia,27/10/1921
126,Amanda,Foster,afoster3h@spiegel.de,Female,Hezheng Chengguanzhen,China,30/07/1982
127,Earl,Ward,eward3i@dedecms.com,Male,Providencia,Colombia,25/10/1938
128,Kelly,Coleman,kcoleman3j@ifeng.com,Female,Xiaoxi,China,27/07/1974
129,Jesse,Montgomery,jmontgomery3k@slideshare.net,Male,Avarua,Cook Islands,01/06/1953
130,Beverly,Jackson,bjackson3l@samsung.com,Female,Gros Morne,Haiti,12/03/1922
131,Frank,Dixon,fdixon3m@berkeley.edu,Male,Damietta,Egypt,09/09/1939
132,Brian,Hudson,bhudson3n@mapy.cz,Male,Macroom,Ireland,17/12/1986
133,Justin,Powell,jpowell3o@china.com.cn,Male,Lonya Chico,Peru,28/10/1991
134,Angela,Martinez,amartinez3p@over-blog.com,Female,Gaotuo,China,12/07/1986
135,Louise,Hayes,lhayes3q@oakley.com,Female,Jiaze,China,04/03/1953
136,Elizabeth,Moreno,emoreno3r@wufoo.com,Female,Dianbu,China,17/01/1932
137,Julia,Little,jlittle3s@meetup.com,Female,Aveleda,Portugal,27/03/1941
138,Karen,Bradley,kbradley3t@uol.com.br,Female,Tianguá,Brazil,04/08/1938
139,Julia,Alexander,jalexander3u@thetimes.co.uk,Female,Banes,Cuba,06/12/1978
140,Roy,Stewart,rstewart3v@drupal.org,Male,Šavnik,Montenegro,31/08/1949
141,Eric,Riley,eriley3w@bravesites.com,Male,Bissen,Luxembourg,07/01/1935
142,Roger,Medina,rmedina3x@google.ru,Male,Kalamangog,Philippines,21/04/1983
143,Victor,Parker,vparker3y@answers.com,Male,Klang,Malaysia,03/09/1937
144,Kathryn,Lee,klee3z@census.gov,Female,Waitara,New Zealand,16/01/1975
145,Marilyn,Mendoza,mmendoza40@sbwire.com,Female,Bloemhof,South Africa,01/11/1921
146,Brian,Carter,bcarter41@imdb.com,Male,Ágios Spyrídon,Greece,11/12/1929
147,Anne,Marshall,amarshall42@reuters.com,Female,San Andrés,Colombia,10/02/1988
148,Martin,Weaver,mweaver43@sakura.ne.jp,Male,Emiliano Zapata,Mexico,27/12/1980
149,Willie,Taylor,wtaylor44@bing.com,Male,Lurugan,Philippines,04/04/1990
150,Michael,Cooper,mcooper45@ustream.tv,Male,Zheng’an,China,01/11/1945
151,Todd,Fowler,tfowler46@clickbank.net,Male,Purwodadi,Indonesia,06/11/1968
152,Ernest,Martin,emartin47@pagesperso-orange.fr,Male,Karanganyar,Indonesia,11/12/1935
153,Albert,Robinson,arobinson48@cam.ac.uk,Male,Pedro Carbo,Ecuador,14/06/1994
154,Angela,Dixon,adixon49@phoca.cz,Female,Yehud,Israel,31/12/1941
155,Ralph,Perkins,rperkins4a@mashable.com,Male,Bungkal,Indonesia,10/01/1926
156,Theresa,Hart,thart4b@phpbb.com,Female,Podgornoye,Russia,13/11/1949
157,Richard,Medina,rmedina4c@alexa.com,Male,Banatski Despotovac,Serbia,29/12/1999
158,Michelle,Tucker,mtucker4d@twitter.com,Female,Philadelphia,United States,17/10/1967
159,Carol,Reid,creid4e@ameblo.jp,Female,Abengourou,Ivory Coast,03/09/1960
160,Marie,Perkins,mperkins4f@prlog.org,Female,Sv. Trojica v Slov. Goricah,Slovenia,09/03/1926
161,Cheryl,Medina,cmedina4g@1688.com,Female,Al Ghandūrah,Syria,01/02/1972
162,Evelyn,Morales,emorales4h@alibaba.com,Female,Margasari,Indonesia,23/02/1921
163,Amanda,Greene,agreene4i@theguardian.com,Female,Xiaoxi,China,26/10/1982
164,Dennis,Bell,dbell4j@jugem.jp,Male,Pateh Sam,Gambia,15/01/1969
165,Nicole,Kennedy,nkennedy4k@shinystat.com,Female,Baitu,China,13/02/1931
166,Clarence,Wood,cwood4l@tamu.edu,Male,Hongtang,China,05/03/1947
167,Rebecca,Howard,rhoward4m@ebay.co.uk,Female,São Julião do Tojal,Portugal,20/05/1969
168,Randy,Brooks,rbrooks4n@live.com,Male,Hongwei,China,24/08/1929
169,Scott,Hicks,shicks4o@t.co,Male,Guantánamo,Cuba,10/11/2000
170,George,Watkins,gwatkins4p@ucoz.com,Male,Thị Trấn Nho Quan,Vietnam,11/10/1923
171,Kathy,Reed,kreed4q@ebay.co.uk,Female,San Pedro,Philippines,11/02/1922
172,Sandra,Kennedy,skennedy4r@github.io,Female,San Pablo,Costa Rica,03/02/1959
173,Julia,Marshall,jmarshall4s@tamu.edu,Female,Yao,Japan,15/02/1936
174,Wayne,Ramirez,wramirez4t@liveinternet.ru,Male,Potou,China,19/07/1987
175,Keith,Gomez,kgomez4u@china.com.cn,Male,Skien,Norway,23/10/1923
176,Linda,Roberts,lroberts4v@ihg.com,Female,Planaltina,Brazil,08/11/1998
177,Ann,Ross,aross4w@paypal.com,Female,Aş Şanamayn,Syria,08/06/1999
178,Jeremy,Riley,jriley4x@chronoengine.com,Male,Marigot,Haiti,29/07/1980
179,Jessica,Wagner,jwagner4y@bravesites.com,Female,Nongoma,South Africa,11/10/1975
180,Brenda,White,bwhite4z@ning.com,Female,Khān Yūnis,Palestinian Territory,23/11/1965
181,Lillian,Grant,lgrant50@ustream.tv,Female,Baruunturuun,Mongolia,18/04/1921
182,Ryan,Hunt,rhunt51@cloudflare.com,Male,Cristóbal,Dominican Republic,08/09/1957
183,Johnny,Hart,jhart52@sitemeter.com,Male,Riung,Indonesia,09/03/1967
184,Willie,Black,wblack53@mail.ru,Male,Hengshui,China,10/08/1996
185,Gregory,Coleman,gcoleman54@nps.gov,Male,Bancak Wetan,Indonesia,15/04/1966
186,Michael,Fernandez,mfernandez55@opera.com,Male,Tambakrejo,Indonesia,17/11/2000
187,Nicole,Harvey,nharvey56@cam.ac.uk,Female,Linhares,Brazil,24/02/1931
188,Willie,Webb,wwebb57@aol.com,Male,Huatanshan,China,14/11/1993
189,Lawrence,Fields,lfields58@home.pl,Male,Melaka,Malaysia,20/04/1971
190,Victor,Hart,vhart59@dmoz.org,Male,Shuangshan,China,04/08/1938
191,Ralph,Hunt,rhunt5a@github.com,Male,Qianguo,China,24/10/1990
192,Earl,Castillo,ecastillo5b@wufoo.com,Male,Léfka,Cyprus,03/10/1990
193,Joshua,Baker,jbaker5c@smugmug.com,Male,Kropachëvo,Russia,15/01/1985
194,Chris,Snyder,csnyder5d@statcounter.com,Male,Kalodu,Indonesia,27/01/1993
195,Ryan,George,rgeorge5e@unc.edu,Male,Malangwa,Nepal,24/03/1997
196,Harry,Carroll,hcarroll5f@usda.gov,Male,Poretskoye,Russia,27/11/1963
197,Anthony,Collins,acollins5g@last.fm,Male,Larochette,Luxembourg,10/05/1975
198,Douglas,Montgomery,dmontgomery5h@arizona.edu,Male,Tiling,Philippines,22/12/1955
199,Terry,Patterson,tpatterson5i@instagram.com,Male,Krajan Puru,Indonesia,27/07/1963
200,Debra,Burton,dburton5j@tamu.edu,Female,Dhamār,Yemen,07/07/1964
201,Michael,Wallace,mwallace5k@house.gov,Male,Laotai,China,08/05/1962
202,Beverly,Harper,bharper5l@dailymotion.com,Female,Visim,Russia,21/01/1960
203,Brandon,Larson,blarson5m@tamu.edu,Male,Laï,Chad,12/04/1928
204,Benjamin,Adams,badams5n@yandex.ru,Male,Vallentuna,Sweden,09/07/1995
205,Paula,Hughes,phughes5o@scientificamerican.com,Female,Paris 03,France,01/05/1988
206,Gary,Davis,gdavis5p@usgs.gov,Male,Bulls,New Zealand,08/02/1939
207,Terry,Coleman,tcoleman5q@home.pl,Male,Chico,United States,23/12/1986
208,Mary,Hill,mhill5r@github.com,Female,Al ‘Anān,Yemen,05/09/1981
209,Sara,Bennett,sbennett5s@yellowpages.com,Female,Palmas de Monte Alto,Brazil,07/09/1960
210,Judy,Foster,jfoster5t@skype.com,Female,Hantai,China,30/09/1996
211,Sandra,Perry,sperry5u@washington.edu,Female,Labao,China,22/08/1962
212,Alan,Shaw,ashaw5v@rambler.ru,Male,Vyritsa,Russia,06/10/1988
213,Randy,Payne,rpayne5w@dailymotion.com,Male,Ngroto,Indonesia,27/06/1922
214,Evelyn,Williams,ewilliams5x@over-blog.com,Female,Bodzentyn,Poland,12/12/1978
215,Elizabeth,Knight,eknight5y@netvibes.com,Female,Białaczów,Poland,18/04/1994
216,Christopher,Daniels,cdaniels5z@yahoo.co.jp,Male,Benguela,Angola,17/02/1921
217,Steven,Scott,sscott60@indiatimes.com,Male,Saltpond,Ghana,13/04/1943
218,Frances,Duncan,fduncan61@blog.com,Female,Dakingari,Nigeria,31/07/1953
219,George,Montgomery,gmontgomery62@google.co.uk,Male,Horton,United Kingdom,23/05/1930
220,Kelly,Carpenter,kcarpenter63@vinaora.com,Female,Riosucio,Colombia,18/08/1977
221,Linda,Hansen,lhansen64@smugmug.com,Female,Zhendong,China,01/09/1963
222,Ralph,West,rwest65@princeton.edu,Male,San Borja,Bolivia,11/09/1926
223,Bonnie,Hamilton,bhamilton66@dot.gov,Female,Vlissingen,Netherlands,12/05/1947
224,Dorothy,Brown,dbrown67@about.com,Female,Lyantonde,Uganda,12/08/1951
225,Catherine,Gray,cgray68@ucoz.com,Female,Johanneshov,Sweden,05/11/1992
226,Debra,Morris,dmorris69@icio.us,Female,Kiên Lương,Vietnam,29/07/1992
227,Kenneth,Lawrence,klawrence6a@samsung.com,Male,Kebloran,Indonesia,06/09/1996
228,Timothy,Gray,tgray6b@pinterest.com,Male,Skärhamn,Sweden,25/01/1999
229,Ruth,Jones,rjones6c@wiley.com,Female,Hali,China,11/02/1932
230,Larry,Willis,lwillis6d@blinklist.com,Male,Gardutanjak,Indonesia,27/04/1980
231,Antonio,Ramirez,aramirez6e@topsy.com,Male,Linxihe,China,10/05/1957
232,Janice,Gray,jgray6f@businessinsider.com,Female,Krapina,Croatia,03/10/1952
233,Ryan,Wagner,rwagner6g@arizona.edu,Male,Abucay,Philippines,29/07/1946
234,Donald,Campbell,dcampbell6h@yolasite.com,Male,Roliça,Portugal,08/12/1924
235,Stephen,Lee,slee6i@google.com,Male,Shicha,China,20/03/1942
236,Patricia,Jordan,pjordan6j@blogs.com,Female,Xia Dawo,China,14/02/1988
237,Jane,Thompson,jthompson6k@harvard.edu,Female,Córdoba,Colombia,05/12/1944
238,Martin,Rice,mrice6l@tamu.edu,Male,Vilkija,Lithuania,20/01/1934
239,Martin,Duncan,mduncan6m@narod.ru,Male,Looc,Philippines,29/10/1987
240,Patricia,Bailey,pbailey6n@google.com.br,Female,Nizhnyaya Salda,Russia,27/05/1966
241,William,Vasquez,wvasquez6o@sogou.com,Male,Dubki,Russia,24/11/1998
242,Sarah,Wilson,swilson6p@last.fm,Female,San Francisco,Mexico,02/08/1969
243,Rose,Hawkins,rhawkins6q@homestead.com,Female,Świdnica,Poland,18/12/1961
244,Robert,Peters,rpeters6r@mashable.com,Male,Zhlobin,Belarus,05/07/1921
245,Kathy,Hamilton,khamilton6s@salon.com,Female,Dem’yanovo,Russia,20/12/1977
246,Christine,Williams,cwilliams6t@infoseek.co.jp,Female,Kembangkerang Lauk Timur,Indonesia,03/05/1933
247,Mildred,Lawrence,mlawrence6u@vistaprint.com,Female,Neftobod,Tajikistan,23/09/1943
248,Wayne,Ramirez,wramirez6v@t-online.de,Male,Promyshlennovskiy,Russia,29/05/1961
249,Jean,Brooks,jbrooks6w@so-net.ne.jp,Female,Lopez Jaena,Philippines,28/10/1926
250,Ernest,Graham,egraham6x@wunderground.com,Male,Malaga,Spain,26/10/1993
251,Kathryn,Hart,khart6y@surveymonkey.com,Female,Rio Claro,Brazil,26/12/1983
252,Louis,Berry,lberry6z@google.com.au,Male,Lichinga,Mozambique,23/06/1945
253,Raymond,Jordan,rjordan70@slideshare.net,Male,Kuliyapitiya,Sri Lanka,18/07/1946
254,Lois,Cunningham,lcunningham71@about.com,Female,Kirovgrad,Russia,11/06/1996
255,Edward,Patterson,epatterson72@berkeley.edu,Male,Santo Domingo,Philippines,19/09/1927
256,Bobby,Price,bprice73@apache.org,Male,Boulsa,Burkina Faso,24/05/1961
257,Jean,Cooper,jcooper74@exblog.jp,Female,Valparaíso,Brazil,13/02/1995
258,Carol,Banks,cbanks75@quantcast.com,Female,Mangdang,China,20/03/1977
259,Tammy,Duncan,tduncan76@businessinsider.com,Female,Pyetrykaw,Belarus,22/04/1940
260,Douglas,Martinez,dmartinez77@discuz.net,Male,Esik,Kazakhstan,31/05/1995
261,Diana,Morales,dmorales78@cdbaby.com,Female,Changsha,China,11/06/1983
262,Robin,Howell,rhowell79@google.co.uk,Female,Arísvi,Greece,25/02/1983
263,Bruce,Armstrong,barmstrong7a@imgur.com,Male,Xiangshan,China,20/05/1983
264,Heather,West,hwest7b@ftc.gov,Female,Akhmīm,Egypt,01/08/1978
265,Julie,Lynch,jlynch7c@xinhuanet.com,Female,Manlio Fabio Altamirano,Mexico,05/07/1960
266,Melissa,Carpenter,mcarpenter7d@vkontakte.ru,Female,5 de Mayo,Mexico,27/06/1950
267,Elizabeth,Burton,eburton7e@seesaa.net,Female,Skórcz,Poland,21/09/1977
268,Michelle,Chapman,mchapman7f@hexun.com,Female,Xinyang,China,11/04/1940
269,Richard,Schmidt,rschmidt7g@fema.gov,Male,Ul,Portugal,27/02/1980
270,Jerry,Roberts,jroberts7h@163.com,Male,Alameda,Mexico,20/09/1947
271,Benjamin,Hicks,bhicks7i@columbia.edu,Male,Axili,China,24/08/1934
272,Sandra,Kelley,skelley7j@elegantthemes.com,Female,Acheng,China,08/04/1992
273,Alan,Diaz,adiaz7k@so-net.ne.jp,Male,Rancapanjang,Indonesia,29/11/1928
274,George,Ray,gray7l@surveymonkey.com,Male,Pavlovsk,Russia,18/09/1997
275,Janet,Cole,jcole7m@cocolog-nifty.com,Female,Marína,Greece,08/01/2000
276,Jeffrey,Jacobs,jjacobs7n@oracle.com,Male,Mişrātah,Libya,07/05/1995
277,Earl,Medina,emedina7o@yelp.com,Male,Rantaupanjang,Indonesia,24/12/1966
278,Christine,Scott,cscott7p@dot.gov,Female,Marystown,Canada,15/09/1977
279,Paula,Medina,pmedina7q@deliciousdays.com,Female,General Enrique Mosconi,Argentina,06/04/1925
280,Susan,Crawford,scrawford7r@google.nl,Female,Bi’r Ḩāt,Yemen,24/01/1991
281,Louis,Lee,llee7s@google.ca,Male,Trawniki,Poland,13/09/1960
282,Mildred,Roberts,mroberts7t@amazon.com,Female,Nesterovskaya,Russia,13/09/1930
283,Ruth,Moreno,rmoreno7u@wikimedia.org,Female,Klinan,Philippines,22/02/1994
284,Jacqueline,Gibson,jgibson7v@lycos.com,Female,Bayeux,France,25/09/1983
285,Martin,West,mwest7w@umn.edu,Male,Orekhovo-Borisovo Severnoye,Russia,04/08/1959
286,Ralph,Jackson,rjackson7x@paginegialle.it,Male,Linoan,Philippines,16/03/1987
287,Russell,Scott,rscott7y@businesswire.com,Male,Hengshui,China,17/03/1968
288,Debra,Henry,dhenry7z@slideshare.net,Female,Peabiru,Brazil,02/05/1997
289,Brian,Stone,bstone80@blog.com,Male,Pau,France,21/12/1992
290,Joseph,Dunn,jdunn81@mlb.com,Male,Kalasin,Thailand,28/06/1944
291,David,Jones,djones82@vimeo.com,Male,Lluchubamba,Peru,17/06/1932
292,Ashley,Banks,abanks83@unblog.fr,Female,Cisantri,Indonesia,05/06/1940
293,Margaret,Lynch,mlynch84@jugem.jp,Female,Tartaro,Philippines,31/08/1952
294,Rachel,Perkins,rperkins85@dmoz.org,Female,Joutsa,Finland,30/07/1933
295,Adam,Rice,arice86@miitbeian.gov.cn,Male,Umeå,Sweden,22/06/1995
296,Willie,Washington,wwashington87@ifeng.com,Male,Tầm Vu,Vietnam,25/07/1950
297,Robert,Mitchell,rmitchell88@prnewswire.com,Male,Solnechnyy,Russia,15/04/1938
298,Eric,Coleman,ecoleman89@eventbrite.com,Male,Maintang,China,10/06/1924
299,Victor,Perkins,vperkins8a@cargocollective.com,Male,Krajan Baru,Indonesia,23/11/1986
300,Adam,Gardner,agardner8b@google.com.hk,Male,Futang,China,02/06/1983
301,Kathy,Hicks,khicks8c@upenn.edu,Female,Akhmīm,Egypt,22/05/1968
302,Charles,Banks,cbanks8d@dell.com,Male,El Jem,Tunisia,20/07/1987
303,James,Hansen,jhansen8e@ebay.co.uk,Male,Cangzhou,China,21/10/1920
304,Anthony,Berry,aberry8f@e-recht24.de,Male,Krajan Winong,Indonesia,17/04/1935
305,Nicole,Myers,nmyers8g@qq.com,Female,Yanahuanca,Peru,22/10/1952
306,Mark,Jenkins,mjenkins8h@mtv.com,Male,Mogwase,South Africa,25/05/1994
307,Raymond,Harvey,rharvey8i@webmd.com,Male,Kamalaputi,Indonesia,21/06/1998
308,Victor,Clark,vclark8j@fastcompany.com,Male,Nyanga,Zimbabwe,27/05/1963
309,Arthur,Taylor,ataylor8k@ifeng.com,Male,Xichangmen,China,12/04/1952
310,Kimberly,Crawford,kcrawford8l@surveymonkey.com,Female,Bosanski Brod,Bosnia and Herzegovina,04/08/2000
311,Ruth,Jenkins,rjenkins8m@biblegateway.com,Female,Wadusari,Indonesia,16/09/1935
312,Anna,Payne,apayne8n@tinypic.com,Female,Karlstad,Sweden,24/06/1965
313,Jessica,Little,jlittle8o@youku.com,Female,Ambatondrazaka,Madagascar,05/04/1992
314,Jerry,Torres,jtorres8p@w3.org,Male,Independencia,Mexico,22/04/1938
315,Kelly,Vasquez,kvasquez8q@1688.com,Female,La Ligua,Chile,03/09/1933
316,Joan,Robinson,jrobinson8r@plala.or.jp,Female,Naudero,Pakistan,13/10/1987
317,Lois,Roberts,lroberts8s@google.co.uk,Female,Uchkeken,Russia,29/12/1951
318,Wanda,Perez,wperez8t@weather.com,Female,Meia Via,Portugal,15/11/1986
319,Dennis,Mcdonald,dmcdonald8u@instagram.com,Male,Belozërskoye,Russia,14/05/1959
320,Ronald,Snyder,rsnyder8v@tamu.edu,Male,Tairua,New Zealand,02/06/1925
321,Gloria,Foster,gfoster8w@oakley.com,Female,Zhouwang,China,01/04/1962
322,Peter,Harvey,pharvey8x@exblog.jp,Male,Kaberamaido,Uganda,14/08/1938
323,Gary,Watkins,gwatkins8y@cam.ac.uk,Male,Ribeiro,Portugal,10/04/1931
324,Ruth,Martinez,rmartinez8z@pen.io,Female,Annan,China,02/01/1931
325,Kenneth,Garcia,kgarcia90@t-online.de,Male,Nanyang,China,21/02/1956
326,Laura,Hunt,lhunt91@google.com.au,Female,Murovanoye,Ukraine,14/11/1993
327,Anne,Ferguson,aferguson92@dion.ne.jp,Female,Madrid,Spain,18/10/1953
328,Carolyn,Wallace,cwallace93@engadget.com,Female,Kopychyntsi,Ukraine,21/03/1985
329,Eugene,Gutierrez,egutierrez94@gravatar.com,Male,Ungsang,South Korea,04/03/1980
330,Phillip,Griffin,pgriffin95@newyorker.com,Male,Tīkāpur,Nepal,04/08/1998
331,Kevin,Martin,kmartin96@who.int,Male,Yanjiang,China,21/02/1931
332,Joe,Carpenter,jcarpenter97@google.es,Male,Karangbalong,Indonesia,05/11/1993
333,Christine,Mccoy,cmccoy98@ihg.com,Female,Muslyumovo,Russia,25/05/1945
334,Karen,Gibson,kgibson99@canalblog.com,Female,Taunan,Indonesia,29/11/1926
335,Karen,Simmons,ksimmons9a@mapy.cz,Female,Umeå,Sweden,12/11/1929
336,Juan,Graham,jgraham9b@ucsd.edu,Male,Las Lomas,Panama,04/09/1967
337,Tammy,Smith,tsmith9c@tinyurl.com,Female,Boje,Nigeria,29/07/1992
338,Shawn,Harvey,sharvey9d@nhs.uk,Male,Koniaków,Poland,20/05/1939
339,Earl,Powell,epowell9e@mashable.com,Male,Skoki,Poland,01/06/1995
340,Bobby,Day,bday9f@ebay.com,Male,Budapest,Hungary,22/08/1947
341,Marilyn,Rodriguez,mrodriguez9g@marriott.com,Female,Hodkovičky,Czech Republic,14/04/1983
342,Denise,Nichols,dnichols9h@ucla.edu,Female,Wolfville,Canada,31/03/1954
343,Bruce,Garcia,bgarcia9i@domainmarket.com,Male,Motala,Sweden,04/12/1998
344,Catherine,Murphy,cmurphy9j@themeforest.net,Female,Stockholm,Sweden,31/08/1991
345,Michelle,Perez,mperez9k@meetup.com,Female,Prozor,Bosnia and Herzegovina,17/09/1971
346,Phyllis,Rodriguez,prodriguez9l@weibo.com,Female,Croix,France,13/12/1962
347,Jennifer,Stanley,jstanley9m@columbia.edu,Female,Urozhaynoye,Russia,28/01/1935
348,Margaret,Richardson,mrichardson9n@zimbio.com,Female,Louriceira,Portugal,13/10/1950
349,Mark,Garrett,mgarrett9o@stanford.edu,Male,Nosy Varika,Madagascar,11/12/1955
350,Peter,Adams,padams9p@berkeley.edu,Male,Panalo-on,Philippines,03/07/1987
351,Heather,Phillips,hphillips9q@marketwatch.com,Female,Tsiroanomandidy,Madagascar,29/04/1970
352,Diana,Hernandez,dhernandez9r@flickr.com,Female,Guanting,China,29/11/1984
353,Rebecca,Reynolds,rreynolds9s@wp.com,Female,Nangerang,Indonesia,25/08/1959
354,Gloria,King,gking9t@123-reg.co.uk,Female,Tiandu,China,04/10/1949
355,Mark,Willis,mwillis9u@msu.edu,Male,Takari,Indonesia,24/09/1938
356,Joseph,Harrison,jharrison9v@amazon.co.uk,Male,Dubréka,Guinea,05/01/1952
357,Anthony,Lawson,alawson9w@google.nl,Male,Sukamulia,Indonesia,14/11/1957
358,Phyllis,Day,pday9x@google.com.hk,Female,Dejilin,China,03/03/1984
359,Todd,Ferguson,tferguson9y@phpbb.com,Male,Tingsiqiao,China,16/11/1952
360,Theresa,Torres,ttorres9z@foxnews.com,Female,Santa Rosa del Sara,Bolivia,05/07/1949
361,Amy,Parker,aparkera0@timesonline.co.uk,Female,Santa Cruz De Tenerife,Spain,06/02/1926
362,Irene,Marshall,imarshalla1@yale.edu,Female,Panognawan,Philippines,28/03/1987
363,Julia,Harvey,jharveya2@vk.com,Female,Bełżyce,Poland,01/08/1989
364,William,Bell,wbella3@netlog.com,Male,Berlin,Germany,05/08/1995
365,Arthur,Carr,acarra4@topsy.com,Male,Siaya,Kenya,22/06/1985
366,Marilyn,Jordan,mjordana5@gnu.org,Female,Fram,Paraguay,18/09/1987
367,Jerry,Simmons,jsimmonsa6@twitter.com,Male,Palmerston North,New Zealand,14/11/1970
368,Anne,Elliott,aelliotta7@comcast.net,Female,Ashley,United Kingdom,09/09/1964
369,Pamela,Hudson,phudsona8@dell.com,Female,Lázně Kynžvart,Czech Republic,12/07/1974
370,Diana,George,dgeorgea9@house.gov,Female,Pasadena,United States,12/09/1920
371,Howard,Nguyen,hnguyenaa@exblog.jp,Male,Cumaná,Venezuela,29/12/1944
372,Phyllis,Harrison,pharrisonab@technorati.com,Female,Oulmes,Morocco,15/08/1992
373,Judy,Ford,jfordac@telegraph.co.uk,Female,Uusikaupunki,Finland,01/03/1996
374,Ashley,Ray,arayad@epa.gov,Female,Mūsá Qal‘ah,Afghanistan,11/10/1993
375,Christopher,Coleman,ccolemanae@goodreads.com,Male,Skore,Albania,01/03/1993
376,Donna,Ferguson,dfergusonaf@alibaba.com,Female,Kasulu,Tanzania,24/09/1935
377,Antonio,Fisher,afisherag@stanford.edu,Male,Babura,Nigeria,11/04/1931
378,Amy,Simpson,asimpsonah@booking.com,Female,Taldykorgan,Kazakhstan,02/06/1929
379,Ralph,Stanley,rstanleyai@nymag.com,Male,Franceville,Gabon,08/12/1923
380,Martha,Armstrong,marmstrongaj@columbia.edu,Female,Säffle,Sweden,14/06/1972
381,Karen,Fisher,kfisherak@photobucket.com,Female,Dulag,Philippines,02/03/1946
382,Scott,Evans,sevansal@wikipedia.org,Male,San Marcos,El Salvador,18/02/1928
383,Louise,Allen,lallenam@yale.edu,Female,Cerca la Source,Haiti,08/01/1935
384,Karen,Carr,kcarran@chron.com,Female,Bolinao,Philippines,23/09/1992
385,Jeremy,Rivera,jriveraao@fastcompany.com,Male,Saumur,France,05/10/1981
386,Matthew,Elliott,melliottap@craigslist.org,Male,Changqiao,China,05/05/1935
387,Betty,Hansen,bhansenaq@ca.gov,Female,Oslo,Norway,25/05/1978
388,Sharon,Fuller,sfullerar@a8.net,Female,Mocun,China,05/06/1955
389,Laura,Lawrence,llawrenceas@mayoclinic.com,Female,Pandean,Indonesia,21/04/1954
390,Patricia,Perkins,pperkinsat@toplist.cz,Female,Sadek,Vietnam,17/12/1932
391,Lisa,Garrett,lgarrettau@github.com,Female,Kalamangog,Philippines,24/02/1979
392,Helen,Payne,hpayneav@issuu.com,Female,Itapipoca,Brazil,23/07/1981
393,Wayne,Morgan,wmorganaw@yahoo.co.jp,Male,Yashan,China,15/05/1972
394,Jennifer,Burns,jburnsax@columbia.edu,Female,Stegna,Poland,09/06/1991
395,Ernest,Stewart,estewartay@macromedia.com,Male,Łącko,Poland,23/01/1933
396,Nicholas,Garrett,ngarrettaz@seesaa.net,Male,Woro,Indonesia,09/05/1943
397,Jimmy,Meyer,jmeyerb0@mashable.com,Male,Borbon,Philippines,26/05/1927
398,Sarah,Rogers,srogersb1@edublogs.org,Female,Mandaluyong City,Philippines,01/07/1932
399,Eric,Johnson,ejohnsonb2@naver.com,Male,La’ershan,China,21/11/1971
400,Jason,Boyd,jboydb3@trellian.com,Male,General Galarza,Argentina,22/05/1972
401,Heather,Owens,howensb4@answers.com,Female,Lillehammer,Norway,13/12/1952
402,Barbara,Williamson,bwilliamsonb5@woothemes.com,Female,Astara,Azerbaijan,02/11/1976
403,Shawn,Lopez,slopezb6@cloudflare.com,Male,Bol’shoye Skuratovo,Russia,20/05/1942
404,Gary,Freeman,gfreemanb7@goo.ne.jp,Male,Nāḩiyat Alī ash Sharqī,Iraq,07/03/1937
405,Chris,Dean,cdeanb8@comsenz.com,Male,Brwinów,Poland,10/02/1944
406,Russell,Porter,rporterb9@dyndns.org,Male,Al ‘Āliyah,Tunisia,18/07/1928
407,Randy,Ford,rfordba@skyrock.com,Male,Buenaventura,Colombia,26/02/1995
408,Janice,Watson,jwatsonbb@themeforest.net,Female,Nikolinci,Serbia,03/03/1994
409,Rachel,Young,ryoungbc@imgur.com,Female,San Miguel,Mexico,01/04/1977
410,Tina,James,tjamesbd@furl.net,Female,Bošnjaci,Croatia,27/07/1990
411,Louis,Kelly,lkellybe@forbes.com,Male,Fulu,China,09/04/1943
412,Bruce,Jacobs,bjacobsbf@discuz.net,Male,Slovenj Gradec,Slovenia,14/10/1947
413,Evelyn,Washington,ewashingtonbg@apache.org,Female,Nganane,Tanzania,17/06/1954
414,Martin,Austin,maustinbh@jiathis.com,Male,Tyrawa Wołoska,Poland,19/08/1994
415,Joan,Warren,jwarrenbi@thetimes.co.uk,Female,Lisakovsk,Kazakhstan,23/07/1929
416,Diana,Hansen,dhansenbj@epa.gov,Female,Taoudenni,Mali,11/11/1938
417,Lawrence,Davis,ldavisbk@europa.eu,Male,Cilongkrang,Indonesia,06/10/1967
418,Laura,Powell,lpowellbl@cafepress.com,Female,Khulm,Afghanistan,07/04/1938
419,Sean,Ramirez,sramirezbm@geocities.com,Male,Moravský Krumlov,Czech Republic,22/01/1982
420,Shawn,Baker,sbakerbn@boston.com,Male,Polańczyk,Poland,24/04/1995
421,Ryan,Hunt,rhuntbo@vk.com,Male,Tamontaka,Philippines,10/12/1956
422,Antonio,Pierce,apiercebp@chronoengine.com,Male,Furudate,Japan,13/12/1938
423,Jennifer,Ferguson,jfergusonbq@eventbrite.com,Female,Nagoya-shi,Japan,25/02/1932
424,Adam,Berry,aberrybr@reverbnation.com,Male,Blagodarnyy,Russia,09/04/1965
425,Russell,Collins,rcollinsbs@wikimedia.org,Male,Nato,Philippines,22/11/1996
426,Jessica,Morris,jmorrisbt@ebay.co.uk,Female,Janja,Bosnia and Herzegovina,17/01/1979
427,Lori,Turner,lturnerbu@wordpress.org,Female,Koropí,Greece,01/08/1970
428,Steven,Wood,swoodbv@google.ca,Male,Złoty Stok,Poland,15/08/1992
429,Wayne,Foster,wfosterbw@goodreads.com,Male,Barreiros,Brazil,15/10/1944
430,Terry,Jordan,tjordanbx@ibm.com,Male,Lankaran,Azerbaijan,03/04/1958
431,Norma,Henderson,nhendersonby@yahoo.co.jp,Female,Banjar Sembunggede,Indonesia,07/11/1959
432,Jeffrey,Snyder,jsnyderbz@jimdo.com,Male,Vithkuq,Albania,14/06/1932
433,Henry,Sims,hsimsc0@miitbeian.gov.cn,Male,Villa Yapacaní,Bolivia,24/04/1977
434,Jennifer,Baker,jbakerc1@salon.com,Female,Jarabacoa,Dominican Republic,06/07/1964
435,Scott,Richardson,srichardsonc2@hao123.com,Male,London,United Kingdom,07/05/1965
436,Gary,Meyer,gmeyerc3@joomla.org,Male,São Bento do Sul,Brazil,13/01/1972
437,Thomas,Reed,treedc4@free.fr,Male,Alto Barinas,Venezuela,22/12/1995
438,Anne,Hudson,ahudsonc5@kickstarter.com,Female,Nyeri,Kenya,17/08/1968
439,Edward,Tucker,etuckerc6@ifeng.com,Male,Sucre,Ecuador,22/02/1928
440,Robin,Rogers,rrogersc7@who.int,Female,Yitang,China,02/12/1926
441,Howard,Jordan,hjordanc8@japanpost.jp,Male,Jiaogong,China,29/08/1952
442,Cheryl,Frazier,cfrazierc9@ustream.tv,Female,Hegeng,China,06/12/1951
443,Irene,Black,iblackca@timesonline.co.uk,Female,South Tangerang,Indonesia,24/12/1939
444,Amy,Wallace,awallacecb@ucoz.ru,Female,Niushou,China,08/09/1986
445,Raymond,Murray,rmurraycc@ca.gov,Male,Altamira,Venezuela,10/03/1955
446,Robert,Schmidt,rschmidtcd@loc.gov,Male,Beibao,China,14/10/1964
447,Annie,Reid,areidce@yandex.ru,Female,Byala,Bulgaria,18/07/1998
448,Jack,Moore,jmoorecf@wisc.edu,Male,Pindi Gheb,Pakistan,15/12/1937
449,Catherine,Stanley,cstanleycg@scientificamerican.com,Female,Novogurovskiy,Russia,29/12/1984
450,Anne,Simpson,asimpsonch@weebly.com,Female,Karlshamn,Sweden,28/04/1932
451,Patrick,Ramirez,pramirezci@drupal.org,Male,Al Fandaqūmīyah,Palestinian Territory,14/02/1964
452,Phyllis,White,pwhitecj@biglobe.ne.jp,Female,Port Saint Lucie,United States,24/08/1942
453,Gloria,Ramirez,gramirezck@admin.ch,Female,Amouguer,Morocco,25/09/1934
454,Billy,Harper,bharpercl@ustream.tv,Male,Potet,Indonesia,03/09/1973
455,Elizabeth,Williams,ewilliamscm@gmpg.org,Female,Agra,Portugal,15/06/1921
456,Nancy,Gordon,ngordoncn@economist.com,Female,Yangcheng,China,10/04/1983
457,Louis,Larson,llarsonco@people.com.cn,Male,Bogotá,Colombia,09/01/1981
458,Jeremy,Frazier,jfraziercp@timesonline.co.uk,Male,Aqsay,Kazakhstan,17/02/1970
459,David,Richardson,drichardsoncq@typepad.com,Male,Angren,Uzbekistan,12/03/1934
460,Ralph,Hughes,rhughescr@businesswire.com,Male,Di Linh,Vietnam,26/01/1960
461,Helen,Hamilton,hhamiltoncs@unicef.org,Female,Moate,Ireland,10/07/1973
462,Carol,Pierce,cpiercect@rambler.ru,Female,Santa Cruz De Tenerife,Spain,30/05/1965
463,Marie,Johnston,mjohnstoncu@netscape.com,Female,Oued Laou,Morocco,06/07/1956
464,Alan,Grant,agrantcv@clickbank.net,Male,Zhaoguli,China,11/12/1979
465,Mildred,Gray,mgraycw@imageshack.us,Female,Shanlian,China,05/01/1982
466,Martha,Meyer,mmeyercx@mysql.com,Female,Baishan,China,07/05/1928
467,Joseph,Powell,jpowellcy@reverbnation.com,Male,Boca de Parita,Panama,04/01/1987
468,Maria,Gonzales,mgonzalescz@a8.net,Female,Gajiram,Nigeria,08/05/1974
469,Lori,Bryant,lbryantd0@phpbb.com,Female,Huangyuan Chengguanzhen,China,16/12/1969
470,Joe,Gardner,jgardnerd1@gnu.org,Male,Carvalhos,Portugal,13/09/1988
471,Terry,Nguyen,tnguyend2@163.com,Male,Lyon,France,13/02/2000
472,Juan,Morales,jmoralesd3@cpanel.net,Male,Kafir Qala,Afghanistan,10/02/1942
473,William,Roberts,wrobertsd4@hp.com,Male,Qiancang,China,25/02/1991
474,Michelle,Howard,mhowardd5@squidoo.com,Female,Bagdadi,Georgia,08/03/1953
475,Barbara,Elliott,belliottd6@jalbum.net,Female,Zaïo,Morocco,18/07/1980
476,Joshua,Snyder,jsnyderd7@etsy.com,Male,Strasbourg,France,01/05/1963
477,Ann,Armstrong,aarmstrongd8@geocities.com,Female,Purwodadi,Indonesia,27/08/1949
478,Denise,Gardner,dgardnerd9@chronoengine.com,Female,Mariano Moreno,Argentina,24/04/1936
479,Michelle,Stanley,mstanleyda@china.com.cn,Female,Hoogeveen,Netherlands,23/11/1964
480,Johnny,Dixon,jdixondb@geocities.jp,Male,Ornontowice,Poland,12/04/1920
481,Ann,Woods,awoodsdc@networksolutions.com,Female,Santa María de Jesús,Guatemala,06/11/1920
482,Brandon,Morales,bmoralesdd@paypal.com,Male,A dos Negros,Portugal,05/12/1951
483,Margaret,Howard,mhowardde@google.it,Female,Gubo,China,25/07/1995
484,Ronald,Brown,rbrowndf@diigo.com,Male,Quiñota,Peru,08/07/1937
485,Peter,Campbell,pcampbelldg@arstechnica.com,Male,Botou,China,18/07/1929
486,Lois,Martinez,lmartinezdh@booking.com,Female,Springfield,United States,15/01/1980
487,Andrew,Richards,arichardsdi@imgur.com,Male,Changyanbao,China,22/04/1968
488,Craig,Gardner,cgardnerdj@themeforest.net,Male,El Kef,Tunisia,11/02/1970
489,Albert,Robertson,arobertsondk@globo.com,Male,Lampa,Chile,09/11/1996
490,Carol,Burton,cburtondl@craigslist.org,Female,Rongkou,China,23/01/1972
491,Kimberly,Hayes,khayesdm@theatlantic.com,Female,Dandai,China,29/08/1999
492,Joyce,Allen,jallendn@state.gov,Female,Cruz Alta,Brazil,02/03/1926
493,Stephen,Cruz,scruzdo@xinhuanet.com,Male,Mobara,Japan,04/04/1951
494,Joan,Harper,jharperdp@google.nl,Female,El Paso,United States,28/06/1935
495,Samuel,Wheeler,swheelerdq@hao123.com,Male,Adela,Philippines,30/09/1963
496,Larry,Nelson,lnelsondr@eventbrite.com,Male,Los Angeles,United States,23/11/1959
497,Pamela,Jones,pjonesds@washington.edu,Female,São Pedro de Trafaria,Portugal,10/07/1977
498,Antonio,Ray,araydt@cnbc.com,Male,El Cantón de San Pablo,Colombia,28/01/1999
499,Carolyn,Castillo,ccastillodu@abc.net.au,Female,Wawa,Philippines,09/03/1924
500,Aaron,Warren,awarrendv@webnode.com,Male,Gunungangka,Indonesia,08/07/1958
501,Jesse,Ward,jwarddw@opensource.org,Male,Stockholm,Sweden,13/01/1967
502,Daniel,Hicks,dhicksdx@over-blog.com,Male,Huacaschuque,Peru,06/03/1979
503,Beverly,White,bwhitedy@icq.com,Female,Capilla del Monte,Argentina,30/01/1933
504,Catherine,Riley,crileydz@hc360.com,Female,Tangyin,China,20/07/1984
505,Wayne,Grant,wgrante0@homestead.com,Male,Levashi,Russia,29/08/1988
506,Steve,Thompson,sthompsone1@unesco.org,Male,Ayabe,Japan,17/09/1988
507,Linda,Pierce,lpiercee2@mail.ru,Female,Tucaní,Venezuela,08/01/1967
508,Jason,Montgomery,jmontgomerye3@statcounter.com,Male,San Antonio,United States,29/12/1963
509,Timothy,Rodriguez,trodrigueze4@nationalgeographic.com,Male,Qiaonan,China,15/07/1957
510,Jimmy,Larson,jlarsone5@php.net,Male,La Troncal,Ecuador,18/09/1950
511,Lori,Andrews,landrewse6@goodreads.com,Female,Krasnoarmeysk,Russia,16/02/1969
512,Roger,Hunt,rhunte7@lulu.com,Male,Llazicë,Kosovo,11/09/1933
513,Alice,White,awhitee8@dropbox.com,Female,Phú Khương,Vietnam,17/04/1978
514,Louis,Marshall,lmarshalle9@psu.edu,Male,Masaya,Nicaragua,01/06/1991
515,Jessica,Perez,jperezea@fastcompany.com,Female,Néa Tríglia,Greece,08/07/1945
516,Sean,Nguyen,snguyeneb@networksolutions.com,Male,Xunqiao,China,03/03/1974
517,Stephanie,Taylor,staylorec@blinklist.com,Female,Udachny,Russia,09/02/1986
518,Emily,Hunt,ehunted@google.com.hk,Female,Chamalières,France,02/11/1951
519,Terry,Ruiz,truizee@posterous.com,Male,Gostimë,Albania,23/12/1958
520,Scott,Long,slongef@archive.org,Male,Huangchi,China,22/05/1948
521,Gary,Mccoy,gmccoyeg@ft.com,Male,Gorobinci,Macedonia,24/08/1927
522,Heather,White,hwhiteeh@un.org,Female,Castelo,Portugal,07/12/1989
523,Norma,Jones,njonesei@apple.com,Female,Torrijos,Philippines,19/11/1976
524,Eric,Shaw,eshawej@wufoo.com,Male,Odiongan,Philippines,21/03/1965
525,Patrick,Matthews,pmatthewsek@mit.edu,Male,Daqiao,China,13/08/1979
526,Samuel,Cruz,scruzel@newsvine.com,Male,Guaíba,Brazil,02/12/1975
527,Robin,Flores,rfloresem@nyu.edu,Female,Yuzawa,Japan,14/10/1988
528,Carl,Garrett,cgarretten@techcrunch.com,Male,Łubniany,Poland,07/01/1991
529,Ronald,Vasquez,rvasquezeo@economist.com,Male,Quebracho,Uruguay,24/06/1929
530,Lisa,Freeman,lfreemanep@github.io,Female,El Fasher,Sudan,02/11/1951
531,Jonathan,Peters,jpeterseq@boston.com,Male,Ngrowo,Indonesia,15/12/1990
532,Doris,Jones,djoneser@stanford.edu,Female,Zverevo,Russia,26/03/1929
533,Henry,Cook,hcookes@google.com.hk,Male,Pagersari,Indonesia,26/10/1949
534,Jerry,Campbell,jcampbellet@freewebs.com,Male,Strassen,Luxembourg,14/12/1985
535,Daniel,Johnson,djohnsoneu@army.mil,Male,Kalianda,Indonesia,09/02/1960
536,Alan,Washington,awashingtonev@themeforest.net,Male,Las Higueras,Argentina,17/08/1956
537,William,Ross,wrossew@netscape.com,Male,Uenohara,Japan,23/11/1976
538,Rachel,Perry,rperryex@creativecommons.org,Female,Borlänge,Sweden,11/08/1920
539,Ryan,Andrews,randrewsey@vimeo.com,Male,Cisalakdesa,Indonesia,11/09/1941
540,Carol,Jones,cjonesez@msu.edu,Female,Ciudad Tecún Umán,Guatemala,04/04/1929
541,Sean,Fox,sfoxf0@hatena.ne.jp,Male,Xingfeng,China,24/01/1986
542,Brenda,Mcdonald,bmcdonaldf1@clickbank.net,Female,Hadayang,China,15/10/1997
543,Craig,Gutierrez,cgutierrezf2@harvard.edu,Male,Morrison,Argentina,13/06/1994
544,Julie,Peters,jpetersf3@columbia.edu,Female,Salvacion,Philippines,07/06/1936
545,Earl,Frazier,efrazierf4@acquirethisname.com,Male,Haibeitou,China,12/06/1928
546,Judy,Larson,jlarsonf5@godaddy.com,Female,Dongba,China,06/01/1924
547,Joyce,Russell,jrussellf6@ocn.ne.jp,Female,Girón,Colombia,28/05/1956
548,Phillip,Nelson,pnelsonf7@craigslist.org,Male,Amiens,France,05/02/1994
549,Michelle,Carroll,mcarrollf8@irs.gov,Female,Abéché,Chad,03/01/1982
550,Charles,Montgomery,cmontgomeryf9@mlb.com,Male,Sindangraja,Indonesia,03/10/1922
551,Karen,Greene,kgreenefa@sciencedirect.com,Female,Llano de Piedra,Panama,29/04/1976
552,Jerry,Powell,jpowellfb@earthlink.net,Male,Osby,Sweden,08/01/1937
553,Todd,Cruz,tcruzfc@addthis.com,Male,Longhua,China,05/04/1972
554,Albert,Murphy,amurphyfd@google.pl,Male,Perpignan,France,29/09/1968
555,Howard,Freeman,hfreemanfe@washingtonpost.com,Male,Contagem,Brazil,28/03/1934
556,Lori,Ferguson,lfergusonff@businessinsider.com,Female,Tuusula,Finland,02/02/1921
557,Raymond,Williamson,rwilliamsonfg@csmonitor.com,Male,Juexi,China,03/09/1990
558,Anthony,Henderson,ahendersonfh@sbwire.com,Male,Le Teil,France,11/07/1981
559,Billy,Hawkins,bhawkinsfi@ezinearticles.com,Male,Ruda-Huta,Poland,01/03/1967
560,Marie,Rodriguez,mrodriguezfj@hud.gov,Female,Yongfeng,China,12/09/1985
561,Alice,Kelly,akellyfk@un.org,Female,Niš,Serbia,01/10/1958
562,Terry,Ward,twardfl@desdev.cn,Male,Usicayos,Peru,12/01/1979
563,Marie,Harrison,mharrisonfm@cbslocal.com,Female,Birni N Konni,Niger,28/12/1975
564,Steve,Knight,sknightfn@tmall.com,Male,Białobrzegi,Poland,04/08/1970
565,Ruth,Mitchell,rmitchellfo@surveymonkey.com,Female,Geshan,China,29/06/1964
566,Bonnie,Johnston,bjohnstonfp@cnn.com,Female,Pjanići,Bosnia and Herzegovina,03/05/1992
567,Paula,Baker,pbakerfq@cam.ac.uk,Female,Schiedam postbusnummers,Netherlands,06/02/1946
568,Teresa,Hunt,thuntfr@kickstarter.com,Female,Carangola,Brazil,14/07/1976
569,Anne,Williams,awilliamsfs@globo.com,Female,Shangtianba,China,02/01/1997
570,Jeffrey,Hawkins,jhawkinsft@is.gd,Male,Parung,Indonesia,06/09/1932
571,Johnny,Nichols,jnicholsfu@opera.com,Male,Tahe,China,11/08/1995
572,Johnny,Pierce,jpiercefv@dot.gov,Male,Garmo,China,11/05/1940
573,Lori,Lane,llanefw@go.com,Female,Calatrava,Philippines,09/10/1970
574,Eugene,Mendoza,emendozafx@technorati.com,Male,Kropachëvo,Russia,22/11/1943
575,Daniel,Woods,dwoodsfy@hp.com,Male,Watulabara,Indonesia,27/10/1998
576,Stephen,Gonzales,sgonzalesfz@ask.com,Male,‘Uqayribāt,Syria,14/01/1954
577,Billy,Bell,bbellg0@twitpic.com,Male,Arroyo Seco,Mexico,07/11/1951
578,Phillip,Weaver,pweaverg1@weebly.com,Male,E’zhou,China,28/02/1976
579,Lois,Richards,lrichardsg2@list-manage.com,Female,Gizałki,Poland,16/12/1937
580,Rebecca,Ramirez,rramirezg3@ow.ly,Female,Boksitogorsk,Russia,06/10/1933
581,Paul,Phillips,pphillipsg4@vinaora.com,Male,Camp Diable,Mauritius,21/01/1984
582,Russell,Gray,rgrayg5@about.me,Male,Beloye,Russia,05/01/1951
583,Amanda,Bailey,abaileyg6@auda.org.au,Female,Buliran,Philippines,14/05/1966
584,Eugene,Johnston,ejohnstong7@rambler.ru,Male,Nanhuatang,China,08/03/1997
585,Debra,Gomez,dgomezg8@live.com,Female,Arnhem,Netherlands,06/04/1952
586,Shawn,Hunt,shuntg9@mac.com,Male,Figueira,Portugal,06/06/1949
587,Ruby,Watkins,rwatkinsga@ebay.co.uk,Female,Koumra,Chad,01/11/1922
588,Rose,Anderson,randersongb@harvard.edu,Female,Al Fujayrah,United Arab Emirates,29/01/1933
589,Julia,Ortiz,jortizgc@xinhuanet.com,Female,Vybor,Russia,05/11/1958
590,Lisa,Carroll,lcarrollgd@sourceforge.net,Female,El Zapote,Mexico,15/11/1968
591,Debra,Hernandez,dhernandezge@diigo.com,Female,Málaga,Colombia,04/08/1967
592,Alice,Johnston,ajohnstongf@ucsd.edu,Female,Kommunisticheskiy,Russia,31/12/1972
593,Jonathan,Grant,jgrantgg@ca.gov,Male,Békéscsaba,Hungary,18/01/1995
594,Amy,Patterson,apattersongh@psu.edu,Female,Zaandam,Netherlands,03/05/1960
595,James,Hudson,jhudsongi@hostgator.com,Male,Sihe,China,10/02/1980
596,Jonathan,Richards,jrichardsgj@lycos.com,Male,Paciran,Indonesia,25/09/1946
597,Victor,Reynolds,vreynoldsgk@elegantthemes.com,Male,Wuppertal,Germany,10/07/1928
598,Carl,Brown,cbrowngl@intel.com,Male,Parada de Pinhão,Portugal,21/09/1942
599,Edward,Rose,erosegm@arizona.edu,Male,Markušica,Croatia,16/10/1990
600,Kimberly,Edwards,kedwardsgn@blinklist.com,Female,Taohuajiang,China,25/01/1963
601,Chris,Hayes,chayesgo@usatoday.com,Male,Thị Trấn Yên Châu,Vietnam,07/03/1961
602,Walter,Lee,wleegp@behance.net,Male,San Pedro Carchá,Guatemala,30/03/1982
603,Jimmy,Burton,jburtongq@surveymonkey.com,Male,Lucun,China,05/02/1987
604,Tina,Hayes,thayesgr@devhub.com,Female,Loutráki,Greece,05/03/1930
605,Susan,Garcia,sgarciags@apple.com,Female,Talabaan,Philippines,12/09/1927
606,Eugene,Evans,eevansgt@lulu.com,Male,Uberaba,Brazil,23/10/1972
607,Peter,Hart,phartgu@reference.com,Male,Kirove,Ukraine,26/07/1952
608,Betty,Ortiz,bortizgv@japanpost.jp,Female,Hamburg,Germany,19/03/1969
609,James,Wells,jwellsgw@paypal.com,Male,Ashmūn,Egypt,12/08/1924
610,Melissa,Kelley,mkelleygx@mozilla.com,Female,Lugang,China,20/12/1920
611,Adam,Rice,aricegy@miibeian.gov.cn,Male,Selínia,Greece,29/05/1998
612,Daniel,Pierce,dpiercegz@spiegel.de,Male,Bindura,Zimbabwe,30/11/1935
613,Jennifer,Sullivan,jsullivanh0@blogs.com,Female,Aldeia da Piedade,Portugal,19/06/1973
614,Margaret,Frazier,mfrazierh1@tamu.edu,Female,Kiruru,Indonesia,07/10/1959
615,Amy,Young,ayoungh2@sourceforge.net,Female,Sinjil,Palestinian Territory,15/10/1998
616,Susan,Cruz,scruzh3@msn.com,Female,Xanxerê,Brazil,28/06/1992
617,Judith,Richards,jrichardsh4@slideshare.net,Female,Cannes,France,26/06/1955
618,Katherine,Hughes,khughesh5@hibu.com,Female,Fucha,China,31/08/1923
619,Daniel,Crawford,dcrawfordh6@nasa.gov,Male,Binzhou,China,26/03/1929
620,Daniel,Woods,dwoodsh7@typepad.com,Male,Pyatnitskoye,Russia,15/01/1991
621,Steven,Lewis,slewish8@skype.com,Male,Suncun,China,21/10/1929
622,Jeffrey,Kelley,jkelleyh9@wordpress.com,Male,Victoriaville,Canada,28/12/1981
623,Fred,Black,fblackha@webs.com,Male,Oliveira de Baixo,Portugal,03/09/1937
624,Larry,Turner,lturnerhb@xinhuanet.com,Male,Campo,Portugal,08/06/1984
625,Ruth,Clark,rclarkhc@exblog.jp,Female,Nazca,Peru,04/10/1977
626,Wayne,Allen,wallenhd@eepurl.com,Male,Xijiao,China,07/11/1960
627,Chris,Crawford,ccrawfordhe@ucoz.ru,Male,Zahedan,Iran,13/01/1974
628,Maria,Cox,mcoxhf@angelfire.com,Female,Daultāla,Pakistan,21/12/1965
629,Beverly,Perkins,bperkinshg@mlb.com,Female,Majia,China,21/11/1935
630,Virginia,Howell,vhowellhh@wikia.com,Female,Yajiang,China,21/12/1947
631,Virginia,Bryant,vbryanthi@indiegogo.com,Female,Pameungpeuk,Indonesia,23/02/1950
632,Terry,Burns,tburnshj@ted.com,Male,Wangchang,China,06/07/1939
633,Marilyn,Sullivan,msullivanhk@pinterest.com,Female,Épinal,France,22/06/1923
634,Nancy,Murray,nmurrayhl@cisco.com,Female,Chornoliztsi,Ukraine,13/02/1968
635,Justin,Smith,jsmithhm@discuz.net,Male,Itaberaba,Brazil,23/12/1984
636,Joe,Greene,jgreenehn@va.gov,Male,Llano de Piedra,Panama,07/09/1921
637,Laura,Gardner,lgardnerho@networkadvertising.org,Female,Datong,China,01/05/1920
638,Jesse,Fernandez,jfernandezhp@slashdot.org,Male,Borzytuchom,Poland,25/07/1973
639,Carol,Oliver,coliverhq@meetup.com,Female,Parabcan,Philippines,16/02/1939
640,Christine,Hawkins,chawkinshr@state.gov,Female,Shangma,China,22/07/2000
641,Cynthia,Duncan,cduncanhs@theglobeandmail.com,Female,Washington,United States,27/06/1936
642,Carol,Ray,crayht@usnews.com,Female,Zhapu,China,02/05/1980
643,Peter,Barnes,pbarneshu@usgs.gov,Male,Santa Cruz das Flores,Portugal,17/02/1968
644,Carlos,Richardson,crichardsonhv@surveymonkey.com,Male,Hengbanqiao,China,06/07/1951
645,Frances,Wagner,fwagnerhw@hc360.com,Female,Tan Sum,Thailand,30/11/1941
646,Jason,Perkins,jperkinshx@economist.com,Male,Břeclav,Czech Republic,13/01/1993
647,Carlos,Wilson,cwilsonhy@zimbio.com,Male,Nicasio,Peru,15/11/1965
648,Ryan,Holmes,rholmeshz@whitehouse.gov,Male,Kufayrit,Palestinian Territory,20/05/1961
649,Diana,Phillips,dphillipsi0@virginia.edu,Female,Xihu,China,01/05/1946
650,Nancy,Henderson,nhendersoni1@cornell.edu,Female,Sujiazhuang,China,19/07/1978
651,Russell,Lane,rlanei2@squidoo.com,Male,Bukitkemuning,Indonesia,18/10/1971
652,Larry,Morales,lmoralesi3@hibu.com,Male,Nkayi,Republic of the Congo,09/07/1998
653,Brian,Flores,bfloresi4@mail.ru,Male,Vologda,Russia,06/01/1926
654,Christina,Howard,chowardi5@cornell.edu,Female,Igbor,Nigeria,30/11/1964
655,Jason,Graham,jgrahami6@addtoany.com,Male,Finspång,Sweden,17/04/1987
656,Sharon,Rose,srosei7@plala.or.jp,Female,Otradnoye,Russia,13/07/1996
657,Patricia,Hernandez,phernandezi8@chron.com,Female,Sanshan,China,11/09/1936
658,Samuel,Harris,sharrisi9@sourceforge.net,Male,Pereyaslovskaya,Russia,11/09/1937
659,Fred,Ford,ffordia@ycombinator.com,Male,Vidovci,Croatia,12/05/1975
660,Willie,Bailey,wbaileyib@google.it,Male,Meïganga,Cameroon,08/01/1959
661,Denise,Gonzales,dgonzalesic@stanford.edu,Female,Duisburg,Germany,19/08/1948
662,Wayne,Richards,wrichardsid@toplist.cz,Male,Metahāra,Ethiopia,09/09/1978
663,Jane,Hayes,jhayesie@mlb.com,Female,Concepción,Guatemala,03/10/1974
664,Aaron,Boyd,aboydif@nbcnews.com,Male,Songhae,South Korea,23/04/1955
665,Rebecca,Lawson,rlawsonig@weibo.com,Female,Hadayang,China,18/12/1999
666,Henry,Willis,hwillisih@imgur.com,Male,Várzea,Portugal,13/01/1947
667,Denise,Little,dlittleii@godaddy.com,Female,Nakhon Ratchasima,Thailand,08/02/1992
668,Christine,Rogers,crogersij@arizona.edu,Female,Xiadian,China,10/11/1994
669,Alan,Morgan,amorganik@facebook.com,Male,Vila Nova de Gaia,Portugal,28/09/1955
670,Eugene,Ramos,eramosil@buzzfeed.com,Male,Shatoja,Peru,01/07/1987
671,Frances,Graham,fgrahamim@sfgate.com,Female,Hanyū,Japan,13/03/1954
672,Kathy,Ramos,kramosin@wordpress.org,Female,Forestville,Canada,13/06/1974
673,Johnny,Watkins,jwatkinsio@bing.com,Male,Liulihe,China,28/08/1996
674,Brandon,Garrett,bgarrettip@bing.com,Male,Gif-sur-Yvette,France,30/08/1927
675,Elizabeth,Hudson,ehudsoniq@unesco.org,Female,Kiryandongo,Uganda,25/02/1943
676,Larry,Phillips,lphillipsir@scientificamerican.com,Male,Huwei,China,06/04/1939
677,Evelyn,Banks,ebanksis@biglobe.ne.jp,Female,Jinhe,China,17/08/1973
678,Brian,Berry,bberryit@sphinn.com,Male,Kobuleti,Georgia,09/05/1933
679,Bobby,Thomas,bthomasiu@gmpg.org,Male,Montería,Colombia,22/04/1961
680,Arthur,Rice,ariceiv@wikipedia.org,Male,La Viña,Argentina,05/02/1968
681,Dennis,Gonzales,dgonzalesiw@google.it,Male,Kołbiel,Poland,11/11/1936
682,Kimberly,Kelley,kkelleyix@simplemachines.org,Female,Firenze,Italy,24/04/1937
683,Kimberly,Hart,khartiy@eventbrite.com,Female,Xingtai,China,24/12/1935
684,Marie,Butler,mbutleriz@blogs.com,Female,Khudoyelanskoye,Russia,07/10/1950
685,Judy,Hill,jhillj0@engadget.com,Female,Murcia,Spain,15/05/1945
686,Kevin,Wheeler,kwheelerj1@zimbio.com,Male,North Vancouver,Canada,27/05/1992
687,Jason,Morgan,jmorganj2@moonfruit.com,Male,Nortelândia,Brazil,02/01/1933
688,Jeffrey,Hernandez,jhernandezj3@deliciousdays.com,Male,Kälviä,Finland,19/05/1994
689,Matthew,Thomas,mthomasj4@google.fr,Male,Tierp,Sweden,26/05/1924
690,Robin,Powell,rpowellj5@jimdo.com,Female,Datan,China,06/09/1992
691,Maria,Torres,mtorresj6@google.cn,Female,Krasnaye,Belarus,24/01/1972
692,Julia,Ellis,jellisj7@instagram.com,Female,Banzão,Portugal,28/05/1928
693,Anna,Hawkins,ahawkinsj8@issuu.com,Female,Ino,Japan,02/07/1923
694,Joseph,Perez,jperezj9@businessinsider.com,Male,Argelia,Colombia,14/02/1940
695,Brandon,Lopez,blopezja@hubpages.com,Male,Belköl,Kazakhstan,05/04/1959
696,Theresa,Patterson,tpattersonjb@nhs.uk,Female,Yaguajay,Cuba,08/09/1937
697,Debra,Day,ddayjc@uol.com.br,Female,Kalamáta,Greece,14/08/1930
698,Amy,Murray,amurrayjd@ifeng.com,Female,Psáry,Czech Republic,16/09/1928
699,Jesse,Stewart,jstewartje@soup.io,Male,Labuan,Malaysia,09/01/1964
700,Amanda,Welch,awelchjf@redcross.org,Female,Osiek,Poland,09/10/1945
701,James,Andrews,jandrewsjg@usnews.com,Male,Qidu,China,11/12/1983
702,Dennis,Black,dblackjh@wikimedia.org,Male,Ban Na,Thailand,18/08/1941
703,Cheryl,Martinez,cmartinezji@google.co.uk,Female,Kuma,Indonesia,11/03/1945
704,Doris,Owens,dowensjj@cbslocal.com,Female,Charleville-Mézières,France,11/05/1971
705,Bobby,Bell,bbelljk@cnn.com,Male,Mikhaylovka,Russia,20/02/1973
706,Gregory,Kennedy,gkennedyjl@angelfire.com,Male,Lingsar,Indonesia,27/06/1923
707,Anthony,Little,alittlejm@purevolume.com,Male,Cincinnati,United States,17/03/1992
708,Rose,Hughes,rhughesjn@de.vu,Female,Sannikovo,Russia,17/10/1958
709,Tina,Dunn,tdunnjo@timesonline.co.uk,Female,Tāndo Mittha Khān,Pakistan,07/01/1967
710,Paul,Hughes,phughesjp@usa.gov,Male,Taiyigong,China,10/05/1944
711,Eric,Wilson,ewilsonjq@harvard.edu,Male,Nanterre,France,23/05/1982
712,James,Medina,jmedinajr@ask.com,Male,Paamiut,Greenland,17/09/1928
713,Scott,Richards,srichardsjs@nhs.uk,Male,Lianokládhion,Greece,19/10/1957
714,Margaret,Chavez,mchavezjt@icq.com,Female,Zacatecoluca,El Salvador,29/12/1963
715,Jennifer,Jackson,jjacksonju@tamu.edu,Female,Beixiang,China,24/02/1936
716,Jack,Welch,jwelchjv@newyorker.com,Male,Sukapura,Indonesia,10/01/1990
717,Heather,Cunningham,hcunninghamjw@dagondesign.com,Female,Peñarrubia,Philippines,11/07/1928
718,Stephanie,Franklin,sfranklinjx@joomla.org,Female,Swan Hills,Canada,26/08/1999
719,Kathleen,Wilson,kwilsonjy@pbs.org,Female,Rufino,Argentina,22/03/1924
720,Julie,Weaver,jweaverjz@jimdo.com,Female,Hebian,China,29/08/1946
721,Scott,Warren,swarrenk0@youtube.com,Male,Datarsitu,Indonesia,21/02/1924
722,Paul,Lawrence,plawrencek1@list-manage.com,Male,Vale da Serra,Portugal,01/08/1944
723,Eric,Martin,emartink2@ox.ac.uk,Male,Craigavon,United Kingdom,07/07/1967
724,Louis,Ortiz,lortizk3@ycombinator.com,Male,Osieczany,Poland,20/02/1987
725,Evelyn,Morgan,emorgank4@techcrunch.com,Female,Farmington,United States,14/05/1939
726,Steve,Torres,storresk5@wix.com,Male,Heishan,China,27/11/1924
727,Arthur,Hudson,ahudsonk6@cargocollective.com,Male,Inozemtsevo,Russia,25/01/1955
728,Aaron,Williamson,awilliamsonk7@wired.com,Male,Campamento,Honduras,30/09/1923
729,Katherine,Walker,kwalkerk8@typepad.com,Female,Chardonnière,Haiti,16/12/2000
730,Brian,Lee,bleek9@dropbox.com,Male,Gudja,Malta,14/02/1946
731,Jennifer,Bennett,jbennettka@unblog.fr,Female,Luuka Town,Uganda,06/12/1948
732,Jerry,King,jkingkb@123-reg.co.uk,Male,Jayune,Peru,17/08/1965
733,Sharon,Jones,sjoneskc@uiuc.edu,Female,Pliwetan,Indonesia,17/08/1960
734,Sharon,Hernandez,shernandezkd@ca.gov,Female,Changleng,China,06/09/1979
735,Virginia,Franklin,vfranklinke@wunderground.com,Female,Mir,Belarus,29/04/1940
736,Ryan,Fields,rfieldskf@princeton.edu,Male,Saint-Germain-en-Laye,France,19/07/1928
737,Benjamin,Foster,bfosterkg@house.gov,Male,Święciechowa,Poland,19/03/1998
738,Gregory,Hart,ghartkh@jalbum.net,Male,San Martín,Colombia,13/10/1934
739,Chris,Brooks,cbrookski@mac.com,Male,Nonohonis,Indonesia,07/09/1979
740,Kathryn,Woods,kwoodskj@chicagotribune.com,Female,Dióni,Greece,27/10/1926
741,Matthew,Gray,mgraykk@t.co,Male,Vitebsk,Belarus,23/08/1963
742,Carol,Rogers,crogerskl@craigslist.org,Female,Cairima,China,24/08/1978
743,Julie,Taylor,jtaylorkm@sitemeter.com,Female,‘Abs,Yemen,09/04/1958
744,Clarence,Adams,cadamskn@apache.org,Male,Shiwan,China,22/08/1956
745,Shirley,Cox,scoxko@about.com,Female,Alvaro Obregon,Mexico,10/07/1943
746,Stephanie,Sullivan,ssullivankp@cdbaby.com,Female,Artemivs’k,Ukraine,06/10/1926
747,Roger,Gutierrez,rgutierrezkq@huffingtonpost.com,Male,Sua,Indonesia,25/05/1996
748,Larry,Perez,lperezkr@ning.com,Male,Bronnitsy,Russia,17/04/1941
749,Sean,Diaz,sdiazks@senate.gov,Male,Shataping,China,17/01/1973
750,Mary,Harris,mharriskt@state.tx.us,Female,Taikang,China,04/09/1951
751,Ralph,Myers,rmyersku@issuu.com,Male,Vischongo,Peru,20/07/1953
752,Timothy,Thomas,tthomaskv@instagram.com,Male,Roissy Charles-de-Gaulle,France,26/10/1949
753,Christopher,Coleman,ccolemankw@devhub.com,Male,Batur Kidul,Indonesia,18/03/1957
754,Christine,Powell,cpowellkx@google.ru,Female,Jajarkrajan,Indonesia,20/08/1925
755,Craig,Robinson,crobinsonky@statcounter.com,Male,Lidingö,Sweden,03/01/1954
756,Jason,Matthews,jmatthewskz@chronoengine.com,Male,Harbour Breton,Canada,20/12/1996
757,Carl,Frazier,cfrazierl0@gravatar.com,Male,Chwaszczyno,Poland,16/05/1986
758,Kathleen,Spencer,kspencerl1@addthis.com,Female,Koroška Bela,Slovenia,23/06/2000
759,Roy,Stewart,rstewartl2@businessinsider.com,Male,Cartago,Costa Rica,28/02/1986
760,Gloria,Hart,ghartl3@barnesandnoble.com,Female,Mahates,Colombia,04/05/1942
761,Jonathan,Martin,jmartinl4@tmall.com,Male,Nkoteng,Cameroon,23/03/1969
762,Philip,Jordan,pjordanl5@dell.com,Male,Cikou,China,05/04/1993
763,Scott,Mitchell,smitchelll6@booking.com,Male,Paris 10,France,13/04/1990
764,Sandra,Ramirez,sramirezl7@hibu.com,Female,Punākha,Bhutan,23/02/1953
765,Frances,Franklin,ffranklinl8@cmu.edu,Female,Bagnolet,France,30/09/1960
766,Deborah,Gardner,dgardnerl9@phoca.cz,Female,Libertador General San Martín,Argentina,21/08/1934
767,Donald,Brown,dbrownla@walmart.com,Male,Tabinay,Philippines,06/12/1929
768,Lillian,Gonzales,lgonzaleslb@tinypic.com,Female,Wete,Tanzania,08/05/1982
769,Beverly,Fields,bfieldslc@reddit.com,Female,Kafr al Labad,Palestinian Territory,01/11/1978
770,Christine,Myers,cmyersld@vistaprint.com,Female,Campina Grande do Sul,Brazil,23/03/1955
771,Joe,Hudson,jhudsonle@creativecommons.org,Male,Tanout,Niger,02/01/1944
772,Alice,Hunt,ahuntlf@imgur.com,Female,Shiren,China,11/06/1992
773,David,Coleman,dcolemanlg@macromedia.com,Male,Hengli,China,21/04/1978
774,Amy,Kim,akimlh@qq.com,Female,Huadian,China,20/02/1970
775,Jimmy,Nichols,jnicholsli@wikimedia.org,Male,Sam Ngam,Thailand,31/08/1928
776,Philip,Parker,pparkerlj@spiegel.de,Male,Xitan,China,14/06/1990
777,Donald,Armstrong,darmstronglk@google.es,Male,Fangxian,China,06/01/2001
778,Dennis,Ryan,dryanll@latimes.com,Male,Chuhuyiv,Ukraine,23/07/1982
779,Bobby,Adams,badamslm@fema.gov,Male,Lohayong,Indonesia,16/04/1962
780,Patricia,Fowler,pfowlerln@themeforest.net,Female,Xiema,China,12/11/1934
781,Christopher,Lawson,clawsonlo@123-reg.co.uk,Male,Picton,New Zealand,05/05/1973
782,Denise,Hansen,dhansenlp@europa.eu,Female,Sepatan,Indonesia,04/04/1927
783,Phillip,Rose,proselq@scientificamerican.com,Male,Nanjie,China,09/12/1999
784,Chris,Brown,cbrownlr@mac.com,Male,San José de Jáchal,Argentina,08/11/1947
785,Clarence,Willis,cwillisls@pen.io,Male,Kifrī,Iraq,15/06/1938
786,Beverly,Scott,bscottlt@stanford.edu,Female,Kowo,Indonesia,18/06/1934
787,Earl,Nelson,enelsonlu@bigcartel.com,Male,Anjiang,China,02/12/1941
788,Margaret,Reid,mreidlv@bigcartel.com,Female,Pataruman,Indonesia,02/12/1949
789,Paul,Hart,phartlw@edublogs.org,Male,Wugong,China,11/02/1952
790,Margaret,Armstrong,marmstronglx@berkeley.edu,Female,Haenam,South Korea,06/11/1932
791,Paul,Burton,pburtonly@buzzfeed.com,Male,Rokietnica,Poland,05/01/1992
792,Paula,Lopez,plopezlz@smh.com.au,Female,Minneapolis,United States,02/07/1978
793,Gregory,Day,gdaym0@arizona.edu,Male,Himeji,Japan,02/10/1928
794,Rose,Romero,rromerom1@hhs.gov,Female,Hazlov,Czech Republic,24/12/1986
795,Nicole,Oliver,noliverm2@vistaprint.com,Female,Feira de Santana,Brazil,07/01/1937
796,Craig,Morgan,cmorganm3@hao123.com,Male,Turka,Russia,07/05/1941
797,Billy,Hart,bhartm4@deliciousdays.com,Male,Montpellier,France,10/10/1924
798,Carol,Matthews,cmatthewsm5@godaddy.com,Female,Dongkeng,China,22/02/1934
799,Brandon,Rice,bricem6@cbslocal.com,Male,Simpang,Indonesia,19/08/1974
800,Raymond,Oliver,roliverm7@cyberchimps.com,Male,Cipari,Indonesia,13/10/1979
801,Patricia,Kennedy,pkennedym8@mozilla.org,Female,Kuningan,Indonesia,06/08/1981
802,Elizabeth,Watkins,ewatkinsm9@dyndns.org,Female,Taypano,Philippines,20/01/1957
803,Martin,Holmes,mholmesma@about.com,Male,Chuncheon,South Korea,26/10/1937
804,Ann,Howell,ahowellmb@odnoklassniki.ru,Female,Lwówek Śląski,Poland,01/12/1974
805,Willie,Kelly,wkellymc@qq.com,Male,Mococa,Brazil,31/07/1940
806,Jason,Martinez,jmartinezmd@washingtonpost.com,Male,Byumba,Rwanda,20/04/1944
807,Irene,Moore,imooreme@spiegel.de,Female,Preston,United Kingdom,27/07/1926
808,John,Washington,jwashingtonmf@tripadvisor.com,Male,Aqaba,Jordan,25/08/1937
809,Ruby,Cunningham,rcunninghammg@webnode.com,Female,Hutang,China,26/09/1920
810,Barbara,Sanders,bsandersmh@nydailynews.com,Female,Candelaria,Philippines,13/04/1948
811,Dennis,Ellis,dellismi@harvard.edu,Male,Shengtang,China,28/03/1946
812,Wayne,Roberts,wrobertsmj@cnbc.com,Male,Pélla,Greece,23/03/1963
813,Jose,Bowman,jbowmanmk@techcrunch.com,Male,Modot,Mongolia,08/11/1980
814,Christina,Richards,crichardsml@umn.edu,Female,Ban Na,Thailand,13/04/1938
815,Joshua,Taylor,jtaylormm@reference.com,Male,Zhireken,Russia,19/04/1993
816,Chris,Stevens,cstevensmn@blogspot.com,Male,Jardim do Seridó,Brazil,28/11/1973
817,Janice,Mccoy,jmccoymo@dropbox.com,Female,Sokolo,Mali,26/01/1945
818,William,Gardner,wgardnermp@e-recht24.de,Male,Nanmu,China,08/03/1934
819,Matthew,Reed,mreedmq@rediff.com,Male,San Miguel Chicaj,Guatemala,08/03/2000
820,Melissa,Reynolds,mreynoldsmr@wufoo.com,Female,Qaryat al Qābil,Yemen,25/04/1983
821,Douglas,Lee,dleems@comsenz.com,Male,Tha Wang Pha,Thailand,31/07/1944
822,Lisa,Lopez,llopezmt@nature.com,Female,Lijiang,China,15/11/1926
823,Lori,Alvarez,lalvarezmu@theglobeandmail.com,Female,Dagang,China,23/06/1967
824,Dennis,Ward,dwardmv@intel.com,Male,Mtsensk,Russia,18/01/1941
825,Raymond,Diaz,rdiazmw@mashable.com,Male,Três Rios,Brazil,08/02/1925
826,David,Cook,dcookmx@wikia.com,Male,Kraljevica,Croatia,10/05/1996
827,Catherine,Franklin,cfranklinmy@washingtonpost.com,Female,Umm Ruwaba,Sudan,05/12/1939
828,Janice,Lynch,jlynchmz@ycombinator.com,Female,Tlatah,Indonesia,09/04/1942
829,Clarence,Jackson,cjacksonn0@cdc.gov,Male,Delcevo,Macedonia,18/02/1944
830,Doris,Evans,devansn1@princeton.edu,Female,Cagmanaba,Philippines,21/03/1956
831,Clarence,Reid,creidn2@archive.org,Male,Romanovo,Russia,13/08/1943
832,Rose,Hanson,rhansonn3@rambler.ru,Female,Sukamaju,Indonesia,21/12/1935
833,Arthur,Wagner,awagnern4@joomla.org,Male,Dabou,Ivory Coast,20/07/1972
834,Gregory,Walker,gwalkern5@nifty.com,Male,Shinshiro,Japan,01/04/1990
835,Joe,Fox,jfoxn6@jigsy.com,Male,Herrán,Colombia,09/02/1993
836,George,Perez,gperezn7@prnewswire.com,Male,Bakungan,Indonesia,28/09/1923
837,Kathryn,Thomas,kthomasn8@flavors.me,Female,Xingxi,China,11/07/1971
838,Julie,Greene,jgreenen9@theatlantic.com,Female,Malartic,Canada,25/07/1938
839,Lisa,Smith,lsmithna@sciencedirect.com,Female,Zašová,Czech Republic,26/08/1983
840,David,Black,dblacknb@fda.gov,Male,Kristinehamn,Sweden,01/03/1967
841,Ernest,Ross,erossnc@mapy.cz,Male,Padangan,Indonesia,12/06/1946
842,Kathryn,Crawford,kcrawfordnd@t-online.de,Female,Jinquan,China,01/01/1962
843,Joshua,Chapman,jchapmanne@exblog.jp,Male,Ngchesar Hamlet,Palau,16/07/1957
844,Juan,Brown,jbrownnf@geocities.jp,Male,Kuznechnoye,Russia,11/04/1989
845,Earl,Simpson,esimpsonng@blogspot.com,Male,Samut Prakan,Thailand,07/02/1933
846,Bobby,Hunt,bhuntnh@icio.us,Male,Tāngāil,Bangladesh,24/09/1969
847,Cheryl,Bailey,cbaileyni@shutterfly.com,Female,Grugul,Indonesia,23/11/1979
848,Amanda,Ruiz,aruiznj@rambler.ru,Female,Lebak,Indonesia,30/03/1925
849,Julia,Sanders,jsandersnk@xrea.com,Female,Zlatar,Croatia,05/05/1971
850,Kelly,Marshall,kmarshallnl@cloudflare.com,Female,Citeguh,Indonesia,17/08/2000
851,James,Fisher,jfishernm@multiply.com,Male,Huoche Xizhan,China,10/03/1978
852,Jason,Cook,jcooknn@japanpost.jp,Male,Wiri,New Zealand,14/08/1955
853,Ruby,Gray,rgrayno@amazon.de,Female,Ghormach,Afghanistan,16/10/1981
854,Christopher,Cunningham,ccunninghamnp@vk.com,Male,Nashville,United States,17/01/1991
855,Gary,Little,glittlenq@slideshare.net,Male,Sohag,Egypt,29/09/1926
856,Victor,Reynolds,vreynoldsnr@usa.gov,Male,Kenscoff,Haiti,27/06/1966
857,Kathy,Gilbert,kgilbertns@cnet.com,Female,Centurion,South Africa,08/04/1968
858,Timothy,Garcia,tgarciant@barnesandnoble.com,Male,Lefkímmi,Greece,05/11/1938
859,Kathy,Olson,kolsonnu@ox.ac.uk,Female,Bojong,Indonesia,01/10/1977
860,Helen,James,hjamesnv@arizona.edu,Female,Allen,Argentina,14/06/1931
861,Elizabeth,Thomas,ethomasnw@hc360.com,Female,Chrzanów,Poland,20/10/1956
862,Douglas,Little,dlittlenx@privacy.gov.au,Male,Calilegua,Argentina,18/07/1981
863,Anthony,Richards,arichardsny@seesaa.net,Male,Shah Alam,Malaysia,03/06/1976
864,Juan,Harvey,jharveynz@linkedin.com,Male,Niebocko,Poland,06/09/1924
865,Michelle,Butler,mbutlero0@aol.com,Female,Phrae,Thailand,18/06/1963
866,Annie,Adams,aadamso1@printfriendly.com,Female,Gasan,Philippines,17/11/1988
867,Daniel,Cole,dcoleo2@noaa.gov,Male,Gujiadian,China,25/07/1946
868,Judith,Pierce,jpierceo3@issuu.com,Female,Zelenogorsk,Russia,27/12/1961
869,Wayne,Howell,whowello4@go.com,Male,Sacramento,United States,21/07/1964
870,Brian,Spencer,bspencero5@epa.gov,Male,Settat,Morocco,26/02/1928
871,Thomas,Bell,tbello6@1688.com,Male,Presidente Dutra,Brazil,21/05/1995
872,Anthony,Shaw,ashawo7@godaddy.com,Male,Pátmos,Greece,23/04/1952
873,Stephanie,Coleman,scolemano8@samsung.com,Fem
